idx,smiles,size,plogp,qed,sa,gsk3b,jnk3,rges,esol,Average
0.4736481997604167,0.8100874645104166,0.5505208333333335,0.4851041666666665
